scenario_number,scenario,seed,algorithm,runtime_seconds,true_theta,first_invalid_step,noise_changed_decisions,ordinary_final_angular_error_degrees,ordinary_final_normalized_regret,ordinary_final_zero_regret_rate,ordinary_final_estimate_valid,ordinary_final_status,ordinary_first_threshold_step,ordinary_stable_threshold_step,ordinary_first_angular_threshold_step,ordinary_stable_angular_threshold_step,ordinary_first_joint_threshold_step,ordinary_stable_joint_threshold_step,balanced_final_angular_error_degrees,balanced_final_normalized_regret,balanced_final_zero_regret_rate,balanced_final_estimate_valid,balanced_final_status,balanced_first_threshold_step,balanced_stable_threshold_step,balanced_first_angular_threshold_step,balanced_stable_angular_threshold_step,balanced_first_joint_threshold_step,balanced_stable_joint_threshold_step
1,bridge-6d,0,Pedro algorithm,0.6564951000036672,"[0.45495420639053, 0.3530031339628266, 0.3873660460480055, 0.4749008270321046, 0.3676273786507615, 0.3970797386164559]",,3,10.730762041056837,0.02912185742197477,0.8333333333333334,True,valid,,,,,,,10.730762041056837,0.028588765102207283,0.8166666666666667,True,valid,,,,,,
1,bridge-6d,0,Score base model,13.805342499981634,"[0.45495420639053, 0.3530031339628266, 0.3873660460480055, 0.4749008270321046, 0.3676273786507615, 0.3970797386164559]",,1,3.5851809671074117,0.003675796487833128,0.9416666666666667,True,valid,9,17,14,20,14,20,3.5851809671074117,0.0013162769964139675,0.9666666666666667,True,valid,10,17,14,20,14,20
1,bridge-6d,1,Pedro algorithm,0.0878169999923557,"[0.40232759866564094, 0.4412621496813485, 0.42099605775695226, 0.3674670238971342, 0.38489337964417486, 0.42779388800905865]",,2,30.442321713929143,0.018186368619266532,0.8833333333333333,True,valid,9,,,,,,30.442321713929143,0.033941106531662164,0.8833333333333333,True,valid,9,,,,,
1,bridge-6d,1,Score base model,13.726624500006437,"[0.40232759866564094, 0.4412621496813485, 0.42099605775695226, 0.3674670238971342, 0.38489337964417486, 0.42779388800905865]",,2,2.2261067903203777,0.0005387544793038322,0.9833333333333333,True,valid,11,18,11,20,11,20,2.2261067903203777,0.0009548619570950506,0.9666666666666667,True,valid,11,17,11,20,11,20
1,bridge-6d,2,Pedro algorithm,0.09888289996888489,"[0.3742673404657403, 0.47366573575536497, 0.36000779480848577, 0.3776279553089764, 0.46378233956945625, 0.3850482894155029]",,1,21.86700728798888,0.012682213901351425,0.9,True,valid,,,,,,,21.86700728798888,0.021278661025650836,0.8833333333333333,True,valid,,,,,,
1,bridge-6d,2,Score base model,13.331402000039816,"[0.3742673404657403, 0.47366573575536497, 0.36000779480848577, 0.3776279553089764, 0.46378233956945625, 0.3850482894155029]",,0,3.3893466449783847,0.0015885321151482858,0.95,True,valid,11,18,18,18,18,18,3.3893466449783847,0.00117221450941917,0.9583333333333334,True,valid,10,16,18,18,18,18
1,bridge-6d,3,Pedro algorithm,0.053522299975156784,"[0.3511631328590314, 0.42197147879206615, 0.4711466882511168, 0.4152405233340361, 0.44889121389298914, 0.3204954121787499]",9,1,,,,False,degenerate_cone,,,,,,,,,,False,degenerate_cone,,,,,,
1,bridge-6d,3,Score base model,13.139956700033508,"[0.3511631328590314, 0.42197147879206615, 0.4711466882511168, 0.4152405233340361, 0.44889121389298914, 0.3204954121787499]",,2,4.762360687768878,0.00403867517757633,0.95,True,valid,7,13,11,20,11,20,4.762360687768878,0.004418737461620646,0.9416666666666667,True,valid,7,13,11,20,11,20
1,bridge-6d,4,Pedro algorithm,0.089196200016886,"[0.3958899184734718, 0.4415658155099602, 0.4461158037591671, 0.3456569377883811, 0.35459782865906625, 0.4517224301818969]",,0,4.124812737099896,0.002256517415518443,0.9666666666666667,True,valid,20,20,20,20,20,20,4.124812737099896,0.002387334500030027,0.9416666666666667,True,valid,20,20,20,20,20,20
1,bridge-6d,4,Score base model,13.343879199936055,"[0.3958899184734718, 0.4415658155099602, 0.4461158037591671, 0.3456569377883811, 0.35459782865906625, 0.4517224301818969]",,2,3.9785918356525114,0.0036848805493005584,0.9416666666666667,True,valid,8,12,10,18,10,18,3.9785918356525114,0.002319215024448569,0.9583333333333334,True,valid,9,12,10,18,10,18
2,boundaries-4d,0,Pedro algorithm,0.08242989995051175,"[0.5093892817681318, 0.4902692407043151, 0.5247742971573647, 0.474099745076872]",,0,20.4984778986051,0.04287555784182332,0.8916666666666667,True,valid,,,,,,,,,,,,,,,,,
2,boundaries-4d,0,Score base model,14.480912099941634,"[0.5093892817681318, 0.4902692407043151, 0.5247742971573647, 0.474099745076872]",,3,0.93472608059721,2.242193692606015e-05,0.9916666666666667,True,valid,16,16,17,17,17,17,,,,,,,,,,,
2,boundaries-4d,1,Pedro algorithm,0.07625969999935478,"[0.5205761001365499, 0.4164173827468084, 0.5275812096302577, 0.5265502393485288]",,1,15.450554989374082,0.03711450090497385,0.8333333333333334,True,valid,19,,,,,,,,,,,,,,,,
2,boundaries-4d,1,Score base model,15.417054499965161,"[0.5205761001365499, 0.4164173827468084, 0.5275812096302577, 0.5265502393485288]",,2,0.8440632783200887,0.00029596931287198313,0.9916666666666667,True,valid,13,13,15,15,15,15,,,,,,,,,,,
2,boundaries-4d,2,Pedro algorithm,0.09158390003722161,"[0.48018916921820515, 0.5127227163827908, 0.49582436387363005, 0.5105800407966338]",,0,2.4311913752647745,0.0015726673544723755,0.975,True,valid,11,11,11,11,11,11,,,,,,,,,,,
2,boundaries-4d,2,Score base model,13.223983700037934,"[0.48018916921820515, 0.5127227163827908, 0.49582436387363005, 0.5105800407966338]",,1,1.8766031990006278,8.949857251856901e-05,0.9916666666666667,True,valid,7,12,7,17,7,17,,,,,,,,,,,
2,boundaries-4d,3,Pedro algorithm,0.08176259999163449,"[0.5363947681037551, 0.5049741487027178, 0.46438630451769636, 0.49155581785722136]",,1,2.425642104094849,0.0009579016379084504,0.9666666666666667,True,valid,10,10,10,10,10,10,,,,,,,,,,,
2,boundaries-4d,3,Score base model,14.536856600199826,"[0.5363947681037551, 0.5049741487027178, 0.46438630451769636, 0.49155581785722136]",,3,2.888060619181465,0.0012396513255567457,0.975,True,valid,15,15,15,15,15,15,,,,,,,,,,,
2,boundaries-4d,4,Pedro algorithm,0.04182120005134493,"[0.5440924718367504, 0.5570478081947704, 0.4519962530735684, 0.43515572923199813]",6,3,,,,False,degenerate_cone,,,,,,,,,,,,,,,,,
2,boundaries-4d,4,Score base model,14.91503020003438,"[0.5440924718367504, 0.5570478081947704, 0.4519962530735684, 0.43515572923199813]",,4,2.033103820892691,0.0001939976146281162,0.9833333333333333,True,valid,19,19,19,19,19,19,,,,,,,,,,,
3,redundancy-6d,0,Pedro algorithm,0.10462009988259524,"[-0.4582176748858403, 0.42880586360032247, -0.4167479231389744, 0.34142971458424476, -0.3860670918826233, 0.40848649045930835]",,1,39.38664149332159,0.04136754529055468,0.7916666666666666,True,valid,,,,,,,39.38664149332159,0.06257324514950291,0.7333333333333333,True,valid,,,,,,
3,redundancy-6d,0,Score base model,14.756140900077298,"[-0.4582176748858403, 0.42880586360032247, -0.4167479231389744, 0.34142971458424476, -0.3860670918826233, 0.40848649045930835]",,5,6.184512201388661,0.00014934233493039785,0.9833333333333333,True,valid,2,4,12,,12,,6.184512201388661,0.00019322807016967255,0.9833333333333333,True,valid,2,5,12,,12,
3,redundancy-6d,1,Pedro algorithm,0.11514210002496839,"[-0.36882952177766304, 0.47049094068360664, -0.4570977145651937, 0.35233240587723413, -0.3265862362453278, 0.4504087521386134]",,0,23.09210949122547,0.009115698374439343,0.9166666666666666,True,valid,8,8,,,,,23.09210949122547,0.011065910990638991,0.8833333333333333,True,valid,,,,,,
3,redundancy-6d,1,Score base model,14.889958699932322,"[-0.36882952177766304, 0.47049094068360664, -0.4570977145651937, 0.35233240587723413, -0.3265862362453278, 0.4504087521386134]",,4,7.11121699196251,0.0010605688147976692,0.9583333333333334,True,valid,6,6,13,,13,,7.11121699196251,0.0019820145546365344,0.9,True,valid,6,6,13,,13,
3,redundancy-6d,2,Pedro algorithm,0.10456969996448606,"[-0.41733606958819885, 0.44499283204304363, -0.43932349851043534, 0.4101734585638058, -0.3500642903726348, 0.3794991101481614]",,2,23.15450207263308,0.018347826953190403,0.775,True,valid,,,,,,,23.15450207263308,0.01149347065768127,0.8416666666666667,True,valid,,,,,,
3,redundancy-6d,2,Score base model,15.331918200012296,"[-0.41733606958819885, 0.44499283204304363, -0.43932349851043534, 0.4101734585638058, -0.3500642903726348, 0.3794991101481614]",,8,2.3435299316794524,0.0003207553405629403,0.9416666666666667,True,valid,4,4,7,13,7,13,2.3435299316794524,0.0003285932335575697,0.9416666666666667,True,valid,4,4,7,13,7,13
3,redundancy-6d,3,Pedro algorithm,0.104380700038746,"[-0.36424399699349225, 0.43533120610367015, -0.40114504461633627, 0.3839213784817736, -0.37505236352611054, 0.4783678548820139]",,0,41.148294332424065,0.01756101395451289,0.8583333333333333,True,valid,4,,,,,,41.148294332424065,0.02729215035447708,0.8,True,valid,4,,,,,
3,redundancy-6d,3,Score base model,14.936213499982841,"[-0.36424399699349225, 0.43533120610367015, -0.40114504461633627, 0.3839213784817736, -0.37505236352611054, 0.4783678548820139]",,5,1.6018947062541782,1.2234057479286435e-05,0.9916666666666667,True,valid,4,4,16,16,16,16,1.6018947062541782,4.235853668723959e-05,0.9916666666666667,True,valid,5,12,16,16,16,16
3,redundancy-6d,4,Pedro algorithm,0.09603720006998628,"[-0.3362653702687443, 0.4201347926036144, -0.3394808312677968, 0.4644791748239417, -0.4209157236692889, 0.449726774527042]",,1,26.04454247437872,0.0075073803204226885,0.9083333333333333,True,valid,10,10,,,,,26.04454247437872,0.021373432435547696,0.8333333333333334,True,valid,,,,,,
3,redundancy-6d,4,Score base model,13.847981099970639,"[-0.3362653702687443, 0.4201347926036144, -0.3394808312677968, 0.4644791748239417, -0.4209157236692889, 0.449726774527042]",,5,9.83051552364825,0.0009185019671316708,0.9666666666666667,True,valid,4,10,,,,,9.83051552364825,0.0008201332306325362,0.9666666666666667,True,valid,5,10,,,,
4,balanced-choice-4d,0,Pedro algorithm,0.07729250006377697,"[-0.550656166243499, 0.43169545033084755, -0.5574655825284869, 0.44682093621252067]",,0,7.922649955080828,0.006626295324736977,0.95,True,valid,4,4,,,,,,,,,,,,,,,
4,balanced-choice-4d,0,Score base model,14.384516700054519,"[-0.550656166243499, 0.43169545033084755, -0.5574655825284869, 0.44682093621252067]",,2,1.3084007879580442,0.0009459272801773132,0.975,True,valid,3,5,5,17,5,17,,,,,,,,,,,
4,balanced-choice-4d,1,Pedro algorithm,0.0753612999105826,"[-0.5191709233041493, 0.5008254006359676, -0.49329763332887827, 0.48609969700203204]",,0,20.83741042212659,0.025705263499374024,0.825,True,valid,,,,,,,,,,,,,,,,,
4,balanced-choice-4d,1,Score base model,14.21127259999048,"[-0.5191709233041493, 0.5008254006359676, -0.49329763332887827, 0.48609969700203204]",,3,2.0432470654761934,0.0,1.0,True,valid,5,5,9,15,9,15,,,,,,,,,,,
4,balanced-choice-4d,2,Pedro algorithm,0.08598170010372996,"[-0.4264826189613108, 0.49029675806115397, -0.48979538702232955, 0.5812246928772642]",,0,6.381982192619999,0.0030152408348287,0.95,True,valid,14,14,,,,,,,,,,,,,,,
4,balanced-choice-4d,2,Score base model,14.186740100034513,"[-0.4264826189613108, 0.49029675806115397, -0.48979538702232955, 0.5812246928772642]",,3,3.3760152711882405,0.0007712751864107657,0.975,True,valid,5,5,6,11,6,11,,,,,,,,,,,
4,balanced-choice-4d,3,Pedro algorithm,0.07750719995237887,"[-0.4497711200810433, 0.5806843506189707, -0.45588820698997273, 0.5026704359863783]",,0,11.864608676289926,0.011891214508329718,0.9,True,valid,8,,,,,,,,,,,,,,,,
4,balanced-choice-4d,3,Score base model,13.50985439994838,"[-0.4497711200810433, 0.5806843506189707, -0.45588820698997273, 0.5026704359863783]",,1,1.355973877944195,0.0001049201113232323,0.9833333333333333,True,valid,6,10,17,17,17,17,,,,,,,,,,,
4,balanced-choice-4d,4,Pedro algorithm,0.08734689990524203,"[-0.43390813222187424, 0.6120585698627251, -0.44850326506619126, 0.48574979266520113]",,0,6.3620001869729865,0.003126385566001185,0.9416666666666667,True,valid,9,9,,,,,,,,,,,,,,,
4,balanced-choice-4d,4,Score base model,14.897184599889442,"[-0.43390813222187424, 0.6120585698627251, -0.44850326506619126, 0.48574979266520113]",,5,1.9561573932102128,2.9319253148742242e-05,0.9916666666666667,True,valid,3,3,15,15,15,15,,,,,,,,,,,
5,balanced-subset-6d,0,Pedro algorithm,0.11074500007089227,"[-0.3984253158388312, 0.4146047962591754, -0.36930199938996544, 0.3730255437262118, -0.46109206604411057, 0.42570202515741806]",,1,4.8795494346601105,0.0006250926563313347,0.975,True,valid,5,12,17,17,17,17,,,,,,,,,,,
5,balanced-subset-6d,0,Score base model,14.515885700006038,"[-0.3984253158388312, 0.4146047962591754, -0.36930199938996544, 0.3730255437262118, -0.46109206604411057, 0.42570202515741806]",,3,5.089540215117582,7.521786335709184e-05,0.9916666666666667,True,valid,1,1,13,,13,,,,,,,,,,,,
5,balanced-subset-6d,1,Pedro algorithm,0.10051960009150207,"[-0.4699815811305857, 0.38195663628233517, -0.4262876260338668, 0.43990775125029724, -0.36880499796058913, 0.349241098895141]",,0,8.522285787747133,0.00131524861473453,0.9,True,valid,2,2,6,,6,,,,,,,,,,,,
5,balanced-subset-6d,1,Score base model,13.64602049998939,"[-0.4699815811305857, 0.38195663628233517, -0.4262876260338668, 0.43990775125029724, -0.36880499796058913, 0.349241098895141]",,3,1.7403856168015108,6.821000689777793e-05,0.9666666666666667,True,valid,4,4,7,16,7,16,,,,,,,,,,,
5,balanced-subset-6d,2,Pedro algorithm,0.09924319991841912,"[-0.32683049028073996, 0.36637897533841085, -0.4227531200335219, 0.46185723178826565, -0.37485239121064534, 0.4758168332491942]",,0,14.49906140728523,0.003006888086800562,0.9083333333333333,True,valid,1,7,,,,,,,,,,,,,,,
5,balanced-subset-6d,2,Score base model,15.398550599929877,"[-0.32683049028073996, 0.36637897533841085, -0.4227531200335219, 0.46185723178826565, -0.37485239121064534, 0.4758168332491942]",,5,3.966400336259805,0.0006305043020378904,0.9583333333333334,True,valid,3,3,15,15,15,15,,,,,,,,,,,
5,balanced-subset-6d,3,Pedro algorithm,0.10873830004129559,"[-0.4376987446043844, 0.35108436490986755, -0.4124733012156457, 0.4146323314666298, -0.4079133932845977, 0.42037132008908507]",,1,6.911879305359558,0.0013365897597252302,0.9166666666666666,True,valid,4,4,11,,11,,,,,,,,,,,,
5,balanced-subset-6d,3,Score base model,14.022885300102644,"[-0.4376987446043844, 0.35108436490986755, -0.4124733012156457, 0.4146323314666298, -0.4079133932845977, 0.42037132008908507]",,0,3.3470595391466316,0.0004385871909331052,0.9583333333333334,True,valid,2,2,15,18,15,18,,,,,,,,,,,
5,balanced-subset-6d,4,Pedro algorithm,0.11408299999311566,"[-0.4760146694688309, 0.3757106951206469, -0.44468362835274217, 0.4012767251771754, -0.35865496691701504, 0.38059372463864494]",,0,10.369447091154765,0.002372584241326488,0.9,True,valid,1,12,,,,,,,,,,,,,,,
5,balanced-subset-6d,4,Score base model,13.968962599989027,"[-0.4760146694688309, 0.3757106951206469, -0.44468362835274217, 0.4012767251771754, -0.35865496691701504, 0.38059372463864494]",,1,2.2029939930391524,0.00039497637822681825,0.95,True,valid,2,2,7,7,7,7,,,,,,,,,,,
6,knapsack-6d,0,Pedro algorithm,0.1582798999734223,"[-0.3904885453427358, 0.4345047256317444, -0.3722547948806218, 0.42863922458291, -0.4261363077291083, 0.3934805832975082]",,0,20.43969782114511,0.014285094772714611,0.8166666666666667,True,valid,4,,,,,,,,,,,,,,,,
6,knapsack-6d,0,Score base model,13.422442100010812,"[-0.3904885453427358, 0.4345047256317444, -0.3722547948806218, 0.42863922458291, -0.4261363077291083, 0.3934805832975082]",,4,8.341901887981374,0.0008067119616987213,0.9666666666666667,True,valid,4,4,,,,,,,,,,,,,,,
6,knapsack-6d,1,Pedro algorithm,0.1705488000297919,"[-0.38254173229195193, 0.3912009923574913, -0.46735204644050804, 0.3840348559727574, -0.4684439889446738, 0.3395336948537532]",,2,13.507359372686079,0.002393947627402922,0.9083333333333333,True,valid,8,17,,,,,,,,,,,,,,,
6,knapsack-6d,1,Score base model,13.982606200035661,"[-0.38254173229195193, 0.3912009923574913, -0.46735204644050804, 0.3840348559727574, -0.4684439889446738, 0.3395336948537532]",,1,2.3908764911492564,0.0002375865258014361,0.9833333333333333,True,valid,2,4,14,20,14,20,,,,,,,,,,,
6,knapsack-6d,2,Pedro algorithm,0.17224119999445975,"[-0.4456864629841835, 0.3939247417730719, -0.42436365814427623, 0.41174689240520185, -0.3906517175700902, 0.37941809700154294]",,0,19.82665145115673,0.02550781491647453,0.8333333333333334,True,valid,,,,,,,,,,,,,,,,,
6,knapsack-6d,2,Score base model,12.890322799910791,"[-0.4456864629841835, 0.3939247417730719, -0.42436365814427623, 0.41174689240520185, -0.3906517175700902, 0.37941809700154294]",,1,5.714960983123251,0.000536485880076931,0.9583333333333334,True,valid,4,4,11,,11,,,,,,,,,,,,
6,knapsack-6d,3,Pedro algorithm,0.16703559993766248,"[-0.3706364767874904, 0.4701033208254936, -0.3629731671823903, 0.35930301085307403, -0.4309587110923458, 0.4416535808238436]",,0,10.537704596644101,0.001918173655356936,0.9583333333333334,True,valid,10,10,,,,,,,,,,,,,,,
6,knapsack-6d,3,Score base model,12.635400800034404,"[-0.3706364767874904, 0.4701033208254936, -0.3629731671823903, 0.35930301085307403, -0.4309587110923458, 0.4416535808238436]",,1,7.260854341554102,0.00036154049649493196,0.9833333333333333,True,valid,1,5,16,,16,,,,,,,,,,,,
6,knapsack-6d,4,Pedro algorithm,0.16665500006638467,"[-0.382778728612703, 0.38726943903341005, -0.41639651787633036, 0.3570785965293626, -0.42763952633724567, 0.4687601495728219]",,2,16.95642426597752,0.008312584758283663,0.9,True,valid,8,8,,,,,,,,,,,,,,,
6,knapsack-6d,4,Score base model,12.852287499932572,"[-0.382778728612703, 0.38726943903341005, -0.41639651787633036, 0.3570785965293626, -0.42763952633724567, 0.4687601495728219]",,0,3.7534683229493804,0.0007518034932582282,0.9833333333333333,True,valid,3,3,10,20,10,20,,,,,,,,,,,
7,strong-noise-4d,0,Pedro algorithm,0.08300069998949766,"[-0.550656166243499, 0.43169545033084755, -0.5574655825284869, 0.44682093621252067]",,1,16.253393510150165,0.017814709023138087,0.8833333333333333,True,valid,,,,,,,,,,,,,,,,,
7,strong-noise-4d,0,Score base model,15.344593600020744,"[-0.550656166243499, 0.43169545033084755, -0.5574655825284869, 0.44682093621252067]",,4,6.182837799171237,0.0031992898328756475,0.9416666666666667,True,valid,3,6,13,,13,,,,,,,,,,,,
7,strong-noise-4d,1,Pedro algorithm,0.1732080999063328,"[-0.5191709233041493, 0.5008254006359676, -0.49329763332887827, 0.48609969700203204]",,0,20.83741042212659,0.025705263499374024,0.825,True,valid,,,,,,,,,,,,,,,,,
7,strong-noise-4d,1,Score base model,22.187831399962306,"[-0.5191709233041493, 0.5008254006359676, -0.49329763332887827, 0.48609969700203204]",,3,3.767072923659882,0.0011784474451631722,0.9666666666666667,True,valid,5,10,10,20,10,20,,,,,,,,,,,
7,strong-noise-4d,2,Pedro algorithm,0.13904260005801916,"[-0.4264826189613108, 0.49029675806115397, -0.48979538702232955, 0.5812246928772642]",,1,21.281575942040153,0.02995606755533416,0.8583333333333333,True,valid,,,,,,,,,,,,,,,,,
7,strong-noise-4d,2,Score base model,20.833541399915703,"[-0.4264826189613108, 0.49029675806115397, -0.48979538702232955, 0.5812246928772642]",,3,3.899713208357752,0.0005819475373255204,0.9666666666666667,True,valid,8,8,11,16,11,16,,,,,,,,,,,
7,strong-noise-4d,3,Pedro algorithm,0.08510599995497614,"[-0.4497711200810433, 0.5806843506189707, -0.45588820698997273, 0.5026704359863783]",,0,11.864608676289926,0.011891214508329718,0.9,True,valid,8,,,,,,,,,,,,,,,,
7,strong-noise-4d,3,Score base model,14.815109600080177,"[-0.4497711200810433, 0.5806843506189707, -0.45588820698997273, 0.5026704359863783]",,5,9.766376100863855,0.0038866433456908795,0.9166666666666666,True,valid,6,10,,,,,,,,,,,,,,,
7,strong-noise-4d,4,Pedro algorithm,0.10204499994870275,"[-0.43390813222187424, 0.6120585698627251, -0.44850326506619126, 0.48574979266520113]",,0,6.3620001869729865,0.003126385566001185,0.9416666666666667,True,valid,9,9,,,,,,,,,,,,,,,
7,strong-noise-4d,4,Score base model,19.43321969988756,"[-0.43390813222187424, 0.6120585698627251, -0.44850326506619126, 0.48574979266520113]",,7,2.308906886797778,0.0013950801876096426,0.9583333333333334,True,valid,3,9,11,11,11,11,,,,,,,,,,,
8,query-noise-4d,0,Pedro algorithm,0.14933669997844845,"[-0.550656166243499, 0.43169545033084755, -0.5574655825284869, 0.44682093621252067]",,1,16.253393510150165,0.017814709023138087,0.8833333333333333,True,valid,,,,,,,,,,,,,,,,,
8,query-noise-4d,0,Score base model,14.158434299984947,"[-0.550656166243499, 0.43169545033084755, -0.5574655825284869, 0.44682093621252067]",,5,2.9275826414505826,0.0009263904816343805,0.9666666666666667,True,valid,3,11,5,18,5,18,,,,,,,,,,,
8,query-noise-4d,1,Pedro algorithm,0.1292519000126049,"[-0.5191709233041493, 0.5008254006359676, -0.49329763332887827, 0.48609969700203204]",,0,20.83741042212659,0.025705263499374024,0.825,True,valid,,,,,,,,,,,,,,,,,
8,query-noise-4d,1,Score base model,20.29073949996382,"[-0.5191709233041493, 0.5008254006359676, -0.49329763332887827, 0.48609969700203204]",,7,4.383501606781834,0.0012543198874197074,0.9666666666666667,True,valid,5,5,9,19,9,19,,,,,,,,,,,
8,query-noise-4d,2,Pedro algorithm,0.08291729993652552,"[-0.4264826189613108, 0.49029675806115397, -0.48979538702232955, 0.5812246928772642]",,1,21.281575942040153,0.02995606755533416,0.8583333333333333,True,valid,,,,,,,,,,,,,,,,,
8,query-noise-4d,2,Score base model,19.552103900001384,"[-0.4264826189613108, 0.49029675806115397, -0.48979538702232955, 0.5812246928772642]",,3,3.899713208357752,0.0005819475373255204,0.9666666666666667,True,valid,8,8,11,16,11,16,,,,,,,,,,,
8,query-noise-4d,3,Pedro algorithm,0.08650859992485493,"[-0.4497711200810433, 0.5806843506189707, -0.45588820698997273, 0.5026704359863783]",,0,11.864608676289926,0.011891214508329718,0.9,True,valid,8,,,,,,,,,,,,,,,,
8,query-noise-4d,3,Score base model,18.20681300002616,"[-0.4497711200810433, 0.5806843506189707, -0.45588820698997273, 0.5026704359863783]",,2,4.709469068921207,0.0011135570586599164,0.9583333333333334,True,valid,6,10,17,17,17,17,,,,,,,,,,,
8,query-noise-4d,4,Pedro algorithm,0.12863910000305623,"[-0.43390813222187424, 0.6120585698627251, -0.44850326506619126, 0.48574979266520113]",,0,6.3620001869729865,0.003126385566001185,0.9416666666666667,True,valid,9,9,,,,,,,,,,,,,,,
8,query-noise-4d,4,Score base model,19.873230900033377,"[-0.43390813222187424, 0.6120585698627251, -0.44850326506619126, 0.48574979266520113]",,6,3.747444228255483,0.0009634341771478747,0.9666666666666667,True,valid,3,9,10,14,10,14,,,,,,,,,,,
